{"MSE": 0.0006172606372274458, "RelMSE": 0.041430119425058365, "MAPE": 0.20767521858215332, "Var_Mean": 0.5404930710792542, "Var_Median": 0.09068740159273148, "Var_Max": 38.25148391723633, "Var_Min": 0.0}