{"MSE": 0.0007238105172291398, "RelMSE": 0.04590446501970291, "MAPE": 0.20884348452091217, "Var_Mean": 0.6288372874259949, "Var_Median": 0.0698147863149643, "Var_Max": 56.229312896728516, "Var_Min": 0.0}