{"MSE": 0.0, "RelMSE": 0.0, "MAPE": 0.0, "Var_Mean": 1.253695011138916, "Var_Median": 0.34811466932296753, "Var_Max": 51.549259185791016, "Var_Min": 0.0}