{"MSE": 0.0013235684018582106, "RelMSE": 0.11262612789869308, "MAPE": 0.3476073145866394, "Var_Mean": 1.2532809972763062, "Var_Median": 0.30579477548599243, "Var_Max": 54.04167556762695, "Var_Min": 0.0}